{"cameraMode":{"drawMode":0,"name":"Shaded","section":"Shading Mode"},"sceneLighting":true,"audioPlay":false,"sceneViewState":{"m_AlwaysRefresh":false,"showFog":true,"showSkybox":true,"showFlares":true,"showImageEffects":true,"showParticleSystems":true,"showVisualEffectGraphs":true,"m_FxEnabled":true},"in2DMode":false,"pivot":{"x":-2.0259265899658205,"y":4.867043495178223,"z":-0.28119850158691409},"rotation":{"x":0.04630739986896515,"y":-0.08679624646902085,"z":0.004038899205625057,"w":0.9951398372650147},"size":5.662363052368164,"orthographic":true}